Date,RF
20100104,0
20100105,0
20100106,0
20100107,0
20100108,0
20100111,0
20100112,0
20100113,0
20100114,0
20100115,0
20100119,0
20100120,0
20100121,0
20100122,0
20100125,0
20100126,0
20100127,0
20100128,0
20100129,0
20100201,0
20100202,0
20100203,0
20100204,0
20100205,0
20100208,0
20100209,0
20100210,0
20100211,0
20100212,0
20100216,0
20100217,0
20100218,0
20100219,0
20100222,0
20100223,0
20100224,0
20100225,0
20100226,0
20100301,0
20100302,0
20100303,0
20100304,0
20100305,0
20100308,0
20100309,0
20100310,0
20100311,0
20100312,0
20100315,0
20100316,0
20100317,0
20100318,0
20100319,0
20100322,0
20100323,0
20100324,0
20100325,0
20100326,0
20100329,0
20100330,0
20100331,0
20100401,0.001
20100405,0.001
20100406,0.001
20100407,0.001
20100408,0.001
20100409,0.001
20100412,0.001
20100413,0.001
20100414,0.001
20100415,0.001
20100416,0.001
20100419,0.001
20100420,0.001
20100421,0.001
20100422,0.001
20100423,0.001
20100426,0.001
20100427,0.001
20100428,0.001
20100429,0.001
20100430,0.001
20100503,0.001
20100504,0.001
20100505,0.001
20100506,0.001
20100507,0.001
20100510,0.001
20100511,0.001
20100512,0.001
20100513,0.001
20100514,0.001
20100517,0.001
20100518,0.001
20100519,0.001
20100520,0.001
20100521,0.001
20100524,0.001
20100525,0.001
20100526,0.001
20100527,0.001
20100528,0.001
20100601,0.001
20100602,0.001
20100603,0.001
20100604,0.001
20100607,0.001
20100608,0.001
20100609,0.001
20100610,0.001
20100611,0.001
20100614,0.001
20100615,0.001
20100616,0.001
20100617,0.001
20100618,0.001
20100621,0.001
20100622,0.001
20100623,0.001
20100624,0.001
20100625,0.001
20100628,0.001
20100629,0.001
20100630,0.001
20100701,0.001
20100702,0.001
20100706,0.001
20100707,0.001
20100708,0.001
20100709,0.001
20100712,0.001
20100713,0.001
20100714,0.001
20100715,0.001
20100716,0.001
20100719,0.001
20100720,0.001
20100721,0.001
20100722,0.001
20100723,0.001
20100726,0.001
20100727,0.001
20100728,0.001
20100729,0.001
20100730,0.001
20100802,0.001
20100803,0.001
20100804,0.001
20100805,0.001
20100806,0.001
20100809,0.001
20100810,0.001
20100811,0.001
20100812,0.001
20100813,0.001
20100816,0.001
20100817,0.001
20100818,0.001
20100819,0.001
20100820,0.001
20100823,0.001
20100824,0.001
20100825,0.001
20100826,0.001
20100827,0.001
20100830,0.001
20100831,0.001
20100901,0.001
20100902,0.001
20100903,0.001
20100907,0.001
20100908,0.001
20100909,0.001
20100910,0.001
20100913,0.001
20100914,0.001
20100915,0.001
20100916,0.001
20100917,0.001
20100920,0.001
20100921,0.001
20100922,0.001
20100923,0.001
20100924,0.001
20100927,0.001
20100928,0.001
20100929,0.001
20100930,0.001
20101001,0.001
20101004,0.001
20101005,0.001
20101006,0.001
20101007,0.001
20101008,0.001
20101011,0.001
20101012,0.001
20101013,0.001
20101014,0.001
20101015,0.001
20101018,0.001
20101019,0.001
20101020,0.001
20101021,0.001
20101022,0.001
20101025,0.001
20101026,0.001
20101027,0.001
20101028,0.001
20101029,0.001
20101101,0.001
20101102,0.001
20101103,0.001
20101104,0.001
20101105,0.001
20101108,0.001
20101109,0.001
20101110,0.001
20101111,0.001
20101112,0.001
20101115,0.001
20101116,0.001
20101117,0.001
20101118,0.001
20101119,0.001
20101122,0.001
20101123,0.001
20101124,0.001
20101126,0.001
20101129,0.001
20101130,0.001
20101201,0.001
20101202,0.001
20101203,0.001
20101206,0.001
20101207,0.001
20101208,0.001
20101209,0.001
20101210,0.001
20101213,0.001
20101214,0.001
20101215,0.001
20101216,0.001
20101217,0.001
20101220,0.001
20101221,0.001
20101222,0.001
20101223,0.001
20101227,0.001
20101228,0.001
20101229,0.001
20101230,0.001
20101231,0.001
20110103,0
20110104,0
20110105,0
20110106,0
20110107,0
20110110,0
20110111,0
20110112,0
20110113,0
20110114,0
20110118,0
20110119,0
20110120,0
20110121,0
20110124,0
20110125,0
20110126,0
20110127,0
20110128,0
20110131,0
20110201,0.001
20110202,0.001
20110203,0.001
20110204,0.001
20110207,0.001
20110208,0.001
20110209,0.001
20110210,0.001
20110211,0.001
20110214,0.001
20110215,0.001
20110216,0.001
20110217,0.001
20110218,0.001
20110222,0.001
20110223,0.001
20110224,0.001
20110225,0.001
20110228,0.001
20110301,0
20110302,0
20110303,0
20110304,0
20110307,0
20110308,0
20110309,0
20110310,0
20110311,0
20110314,0
20110315,0
20110316,0
20110317,0
20110318,0
20110321,0
20110322,0
20110323,0
20110324,0
20110325,0
20110328,0
20110329,0
20110330,0
20110331,0
20110401,0
20110404,0
20110405,0
20110406,0
20110407,0
20110408,0
20110411,0
20110412,0
20110413,0
20110414,0
20110415,0
20110418,0
20110419,0
20110420,0
20110421,0
20110425,0
20110426,0
20110427,0
20110428,0
20110429,0
20110502,0
20110503,0
20110504,0
20110505,0
20110506,0
20110509,0
20110510,0
20110511,0
20110512,0
20110513,0
20110516,0
20110517,0
20110518,0
20110519,0
20110520,0
20110523,0
20110524,0
20110525,0
20110526,0
20110527,0
20110531,0
20110601,0
20110602,0
20110603,0
20110606,0
20110607,0
20110608,0
20110609,0
20110610,0
20110613,0
20110614,0
20110615,0
20110616,0
20110617,0
20110620,0
20110621,0
20110622,0
20110623,0
20110624,0
20110627,0
20110628,0
20110629,0
20110630,0
20110701,0
20110705,0
20110706,0
20110707,0
20110708,0
20110711,0
20110712,0
20110713,0
20110714,0
20110715,0
20110718,0
20110719,0
20110720,0
20110721,0
20110722,0
20110725,0
20110726,0
20110727,0
20110728,0
20110729,0
20110801,0
20110802,0
20110803,0
20110804,0
20110805,0
20110808,0
20110809,0
20110810,0
20110811,0
20110812,0
20110815,0
20110816,0
20110817,0
20110818,0
20110819,0
20110822,0
20110823,0
20110824,0
20110825,0
20110826,0
20110829,0
20110830,0
20110831,0
20110901,0
20110902,0
20110906,0
20110907,0
20110908,0
20110909,0
20110912,0
20110913,0
20110914,0
20110915,0
20110916,0
20110919,0
20110920,0
20110921,0
20110922,0
20110923,0
20110926,0
20110927,0
20110928,0
20110929,0
20110930,0
20111003,0
20111004,0
20111005,0
20111006,0
20111007,0
20111010,0
20111011,0
20111012,0
20111013,0
20111014,0
20111017,0
20111018,0
20111019,0
20111020,0
20111021,0
20111024,0
20111025,0
20111026,0
20111027,0
20111028,0
20111031,0
20111101,0
20111102,0
20111103,0
20111104,0
20111107,0
20111108,0
20111109,0
20111110,0
20111111,0
20111114,0
20111115,0
20111116,0
20111117,0
20111118,0
20111121,0
20111122,0
20111123,0
20111125,0
20111128,0
20111129,0
20111130,0
20111201,0
20111202,0
20111205,0
20111206,0
20111207,0
20111208,0
20111209,0
20111212,0
20111213,0
20111214,0
20111215,0
20111216,0
20111219,0
20111220,0
20111221,0
20111222,0
20111223,0
20111227,0
20111228,0
20111229,0
20111230,0
20120103,0
20120104,0
20120105,0
20120106,0
20120109,0
20120110,0
20120111,0
20120112,0
20120113,0
20120117,0
20120118,0
20120119,0
20120120,0
20120123,0
20120124,0
20120125,0
20120126,0
20120127,0
20120130,0
20120131,0
20120201,0
20120202,0
20120203,0
20120206,0
20120207,0
20120208,0
20120209,0
20120210,0
20120213,0
20120214,0
20120215,0
20120216,0
20120217,0
20120221,0
20120222,0
20120223,0
20120224,0
20120227,0
20120228,0
20120229,0
20120301,0
20120302,0
20120305,0
20120306,0
20120307,0
20120308,0
20120309,0
20120312,0
20120313,0
20120314,0
20120315,0
20120316,0
20120319,0
20120320,0
20120321,0
20120322,0
20120323,0
20120326,0
20120327,0
20120328,0
20120329,0
20120330,0
20120402,0
20120403,0
20120404,0
20120405,0
20120409,0
20120410,0
20120411,0
20120412,0
20120413,0
20120416,0
20120417,0
20120418,0
20120419,0
20120420,0
20120423,0
20120424,0
20120425,0
20120426,0
20120427,0
20120430,0
20120501,0
20120502,0
20120503,0
20120504,0
20120507,0
20120508,0
20120509,0
20120510,0
20120511,0
20120514,0
20120515,0
20120516,0
20120517,0
20120518,0
20120521,0
20120522,0
20120523,0
20120524,0
20120525,0
20120529,0
20120530,0
20120531,0
20120601,0
20120604,0
20120605,0
20120606,0
20120607,0
20120608,0
20120611,0
20120612,0
20120613,0
20120614,0
20120615,0
20120618,0
20120619,0
20120620,0
20120621,0
20120622,0
20120625,0
20120626,0
20120627,0
20120628,0
20120629,0
20120702,0
20120703,0
20120705,0
20120706,0
20120709,0
20120710,0
20120711,0
20120712,0
20120713,0
20120716,0
20120717,0
20120718,0
20120719,0
20120720,0
20120723,0
20120724,0
20120725,0
20120726,0
20120727,0
20120730,0
20120731,0
20120801,0
20120802,0
20120803,0
20120806,0
20120807,0
20120808,0
20120809,0
20120810,0
20120813,0
20120814,0
20120815,0
20120816,0
20120817,0
20120820,0
20120821,0
20120822,0
20120823,0
20120824,0
20120827,0
20120828,0
20120829,0
20120830,0
20120831,0
20120904,0
20120905,0
20120906,0
20120907,0
20120910,0
20120911,0
20120912,0
20120913,0
20120914,0
20120917,0
20120918,0
20120919,0
20120920,0
20120921,0
20120924,0
20120925,0
20120926,0
20120927,0
20120928,0
20121001,0
20121002,0
20121003,0
20121004,0
20121005,0
20121008,0
20121009,0
20121010,0
20121011,0
20121012,0
20121015,0
20121016,0
20121017,0
20121018,0
20121019,0
20121022,0
20121023,0
20121024,0
20121025,0
20121026,0
20121031,0
20121101,0
20121102,0
20121105,0
20121106,0
20121107,0
20121108,0
20121109,0
20121112,0
20121113,0
20121114,0
20121115,0
20121116,0
20121119,0
20121120,0
20121121,0
20121123,0
20121126,0
20121127,0
20121128,0
20121129,0
20121130,0
20121203,0.001
20121204,0.001
20121205,0.001
20121206,0.001
20121207,0.001
20121210,0.001
20121211,0.001
20121212,0.001
20121213,0.001
20121214,0.001
20121217,0.001
20121218,0.001
20121219,0.001
20121220,0.001
20121221,0.001
20121224,0.001
20121226,0.001
20121227,0.001
20121228,0.001
20121231,0.001
20130102,0
20130103,0
20130104,0
20130107,0
20130108,0
20130109,0
20130110,0
20130111,0
20130114,0
20130115,0
20130116,0
20130117,0
20130118,0
20130122,0
20130123,0
20130124,0
20130125,0
20130128,0
20130129,0
20130130,0
20130131,0
20130201,0
20130204,0
20130205,0
20130206,0
20130207,0
20130208,0
20130211,0
20130212,0
20130213,0
20130214,0
20130215,0
20130219,0
20130220,0
20130221,0
20130222,0
20130225,0
20130226,0
20130227,0
20130228,0
20130301,0
20130304,0
20130305,0
20130306,0
20130307,0
20130308,0
20130311,0
20130312,0
20130313,0
20130314,0
20130315,0
20130318,0
20130319,0
20130320,0
20130321,0
20130322,0
20130325,0
20130326,0
20130327,0
20130328,0
20130401,0
20130402,0
20130403,0
20130404,0
20130405,0
20130408,0
20130409,0
20130410,0
20130411,0
20130412,0
20130415,0
20130416,0
20130417,0
20130418,0
20130419,0
20130422,0
20130423,0
20130424,0
20130425,0
20130426,0
20130429,0
20130430,0
20130501,0
20130502,0
20130503,0
20130506,0
20130507,0
20130508,0
20130509,0
20130510,0
20130513,0
20130514,0
20130515,0
20130516,0
20130517,0
20130520,0
20130521,0
20130522,0
20130523,0
20130524,0
20130528,0
20130529,0
20130530,0
20130531,0
20130603,0
20130604,0
20130605,0
20130606,0
20130607,0
20130610,0
20130611,0
20130612,0
20130613,0
20130614,0
20130617,0
20130618,0
20130619,0
20130620,0
20130621,0
20130624,0
20130625,0
20130626,0
20130627,0
20130628,0
20130701,0
20130702,0
20130703,0
20130705,0
20130708,0
20130709,0
20130710,0
20130711,0
20130712,0
20130715,0
20130716,0
20130717,0
20130718,0
20130719,0
20130722,0
20130723,0
20130724,0
20130725,0
20130726,0
20130729,0
20130730,0
20130731,0
20130801,0
20130802,0
20130805,0
20130806,0
20130807,0
20130808,0
20130809,0
20130812,0
20130813,0
20130814,0
20130815,0
20130816,0
20130819,0
20130820,0
20130821,0
20130822,0
20130823,0
20130826,0
20130827,0
20130828,0
20130829,0
20130830,0
20130903,0
20130904,0
20130905,0
20130906,0
20130909,0
20130910,0
20130911,0
20130912,0
20130913,0
20130916,0
20130917,0
20130918,0
20130919,0
20130920,0
20130923,0
20130924,0
20130925,0
20130926,0
20130927,0
20130930,0
20131001,0
20131002,0
20131003,0
20131004,0
20131007,0
20131008,0
20131009,0
20131010,0
20131011,0
20131014,0
20131015,0
20131016,0
20131017,0
20131018,0
20131021,0
20131022,0
20131023,0
20131024,0
20131025,0
20131028,0
20131029,0
20131030,0
20131031,0
20131101,0
20131104,0
20131105,0
20131106,0
20131107,0
20131108,0
20131111,0
20131112,0
20131113,0
20131114,0
20131115,0
20131118,0
20131119,0
20131120,0
20131121,0
20131122,0
20131125,0
20131126,0
20131127,0
20131129,0
20131202,0
20131203,0
20131204,0
20131205,0
20131206,0
20131209,0
20131210,0
20131211,0
20131212,0
20131213,0
20131216,0
20131217,0
20131218,0
20131219,0
20131220,0
20131223,0
20131224,0
20131226,0
20131227,0
20131230,0
20131231,0
20140102,0
20140103,0
20140106,0
20140107,0
20140108,0
20140109,0
20140110,0
20140113,0
20140114,0
20140115,0
20140116,0
20140117,0
20140121,0
20140122,0
20140123,0
20140124,0
20140127,0
20140128,0
20140129,0
20140130,0
20140131,0
20140203,0
20140204,0
20140205,0
20140206,0
20140207,0
20140210,0
20140211,0
20140212,0
20140213,0
20140214,0
20140218,0
20140219,0
20140220,0
20140221,0
20140224,0
20140225,0
20140226,0
20140227,0
20140228,0
20140303,0
20140304,0
20140305,0
20140306,0
20140307,0
20140310,0
20140311,0
20140312,0
20140313,0
20140314,0
20140317,0
20140318,0
20140319,0
20140320,0
20140321,0
20140324,0
20140325,0
20140326,0
20140327,0
20140328,0
20140331,0
20140401,0
20140402,0
20140403,0
20140404,0
20140407,0
20140408,0
20140409,0
20140410,0
20140411,0
20140414,0
20140415,0
20140416,0
20140417,0
20140421,0
20140422,0
20140423,0
20140424,0
20140425,0
20140428,0
20140429,0
20140430,0
20140501,0
20140502,0
20140505,0
20140506,0
20140507,0
20140508,0
20140509,0
20140512,0
20140513,0
20140514,0
20140515,0
20140516,0
20140519,0
20140520,0
20140521,0
20140522,0
20140523,0
20140527,0
20140528,0
20140529,0
20140530,0
20140602,0
20140603,0
20140604,0
20140605,0
20140606,0
20140609,0
20140610,0
20140611,0
20140612,0
20140613,0
20140616,0
20140617,0
20140618,0
20140619,0
20140620,0
20140623,0
20140624,0
20140625,0
20140626,0
20140627,0
20140630,0
20140701,0
20140702,0
20140703,0
20140707,0
20140708,0
20140709,0
20140710,0
20140711,0
20140714,0
20140715,0
20140716,0
20140717,0
20140718,0
20140721,0
20140722,0
20140723,0
20140724,0
20140725,0
20140728,0
20140729,0
20140730,0
20140731,0
20140801,0
20140804,0
20140805,0
20140806,0
20140807,0
20140808,0
20140811,0
20140812,0
20140813,0
20140814,0
20140815,0
20140818,0
20140819,0
20140820,0
20140821,0
20140822,0
20140825,0
20140826,0
20140827,0
20140828,0
20140829,0
20140902,0
20140903,0
20140904,0
20140905,0
20140908,0
20140909,0
20140910,0
20140911,0
20140912,0
20140915,0
20140916,0
20140917,0
20140918,0
20140919,0
20140922,0
20140923,0
20140924,0
20140925,0
20140926,0
20140929,0
20140930,0
20141001,0
20141002,0
20141003,0
20141006,0
20141007,0
20141008,0
20141009,0
20141010,0
20141013,0
20141014,0
20141015,0
20141016,0
20141017,0
20141020,0
20141021,0
20141022,0
20141023,0
20141024,0
20141027,0
20141028,0
20141029,0
20141030,0
20141031,0
20141103,0
20141104,0
20141105,0
20141106,0
20141107,0
20141110,0
20141111,0
20141112,0
20141113,0
20141114,0
20141117,0
20141118,0
20141119,0
20141120,0
20141121,0
20141124,0
20141125,0
20141126,0
20141128,0
20141201,0
20141202,0
20141203,0
20141204,0
20141205,0
20141208,0
20141209,0
20141210,0
20141211,0
20141212,0
20141215,0
20141216,0
20141217,0
20141218,0
20141219,0
20141222,0
20141223,0
20141224,0
20141226,0
20141229,0
20141230,0
20141231,0
20150102,0
20150105,0
20150106,0
20150107,0
20150108,0
20150109,0
20150112,0
20150113,0
20150114,0
20150115,0
20150116,0
20150120,0
20150121,0
20150122,0
20150123,0
20150126,0
20150127,0
20150128,0
20150129,0
20150130,0
20150202,0
20150203,0
20150204,0
20150205,0
20150206,0
20150209,0
20150210,0
20150211,0
20150212,0
20150213,0
20150217,0
20150218,0
20150219,0
20150220,0
20150223,0
20150224,0
20150225,0
20150226,0
20150227,0
20150302,0
20150303,0
20150304,0
20150305,0
20150306,0
20150309,0
20150310,0
20150311,0
20150312,0
20150313,0
20150316,0
20150317,0
20150318,0
20150319,0
20150320,0
20150323,0
20150324,0
20150325,0
20150326,0
20150327,0
20150330,0
20150331,0
20150401,0
20150402,0
20150406,0
20150407,0
20150408,0
20150409,0
20150410,0
20150413,0
20150414,0
20150415,0
20150416,0
20150417,0
20150420,0
20150421,0
20150422,0
20150423,0
20150424,0
20150427,0
20150428,0
20150429,0
20150430,0
20150501,0
20150504,0
20150505,0
20150506,0
20150507,0
20150508,0
20150511,0
20150512,0
20150513,0
20150514,0
20150515,0
20150518,0
20150519,0
20150520,0
20150521,0
20150522,0
20150526,0
20150527,0
20150528,0
20150529,0
20150601,0
20150602,0
20150603,0
20150604,0
20150605,0
20150608,0
20150609,0
20150610,0
20150611,0
20150612,0
20150615,0
20150616,0
20150617,0
20150618,0
20150619,0
20150622,0
20150623,0
20150624,0
20150625,0
20150626,0
20150629,0
20150630,0
20150701,0
20150702,0
20150706,0
20150707,0
20150708,0
20150709,0
20150710,0
20150713,0
20150714,0
20150715,0
20150716,0
20150717,0
20150720,0
20150721,0
20150722,0
20150723,0
20150724,0
20150727,0
20150728,0
20150729,0
20150730,0
20150731,0
20150803,0
20150804,0
20150805,0
20150806,0
20150807,0
20150810,0
20150811,0
20150812,0
20150813,0
20150814,0
20150817,0
20150818,0
20150819,0
20150820,0
20150821,0
20150824,0
20150825,0
20150826,0
20150827,0
20150828,0
20150831,0
20150901,0
20150902,0
20150903,0
20150904,0
20150908,0
20150909,0
20150910,0
20150911,0
20150914,0
20150915,0
20150916,0
20150917,0
20150918,0
20150921,0
20150922,0
20150923,0
20150924,0
20150925,0
20150928,0
20150929,0
20150930,0
20151001,0
20151002,0
20151005,0
20151006,0
20151007,0
20151008,0
20151009,0
20151012,0
20151013,0
20151014,0
20151015,0
20151016,0
20151019,0
20151020,0
20151021,0
20151022,0
20151023,0
20151026,0
20151027,0
20151028,0
20151029,0
20151030,0
20151102,0
20151103,0
20151104,0
20151105,0
20151106,0
20151109,0
20151110,0
20151111,0
20151112,0
20151113,0
20151116,0
20151117,0
20151118,0
20151119,0
20151120,0
20151123,0
20151124,0
20151125,0
20151127,0
20151130,0
20151201,0
20151202,0
20151203,0
20151204,0
20151207,0
20151208,0
20151209,0
20151210,0
20151211,0
20151214,0
20151215,0
20151216,0
20151217,0
20151218,0
20151221,0
20151222,0
20151223,0
20151224,0
20151228,0
20151229,0
20151230,0
20151231,0
20160104,0
20160105,0
20160106,0
20160107,0
20160108,0
20160111,0
20160112,0
20160113,0
20160114,0
20160115,0
20160119,0
20160120,0
20160121,0
20160122,0
20160125,0
20160126,0
20160127,0
20160128,0
20160129,0
20160201,0.001
20160202,0.001
20160203,0.001
20160204,0.001
20160205,0.001
20160208,0.001
20160209,0.001
20160210,0.001
20160211,0.001
20160212,0.001
20160216,0.001
20160217,0.001
20160218,0.001
20160219,0.001
20160222,0.001
20160223,0.001
20160224,0.001
20160225,0.001
20160226,0.001
20160229,0.001
20160301,0.001
20160302,0.001
20160303,0.001
20160304,0.001
20160307,0.001
20160308,0.001
20160309,0.001
20160310,0.001
20160311,0.001
20160314,0.001
20160315,0.001
20160316,0.001
20160317,0.001
20160318,0.001
20160321,0.001
20160322,0.001
20160323,0.001
20160324,0.001
20160328,0.001
20160329,0.001
20160330,0.001
20160331,0.001
20160401,0
20160404,0
20160405,0
20160406,0
20160407,0
20160408,0
20160411,0
20160412,0
20160413,0
20160414,0
20160415,0
20160418,0
20160419,0
20160420,0
20160421,0
20160422,0
20160425,0
20160426,0
20160427,0
20160428,0
20160429,0
20160502,0.001
20160503,0.001
20160504,0.001
20160505,0.001
20160506,0.001
20160509,0.001
20160510,0.001
20160511,0.001
20160512,0.001
20160513,0.001
20160516,0.001
20160517,0.001
20160518,0.001
20160519,0.001
20160520,0.001
20160523,0.001
20160524,0.001
20160525,0.001
20160526,0.001
20160527,0.001
20160531,0.001
20160601,0.001
20160602,0.001
20160603,0.001
20160606,0.001
20160607,0.001
20160608,0.001
20160609,0.001
20160610,0.001
20160613,0.001
20160614,0.001
20160615,0.001
20160616,0.001
20160617,0.001
20160620,0.001
20160621,0.001
20160622,0.001
20160623,0.001
20160624,0.001
20160627,0.001
20160628,0.001
20160629,0.001
20160630,0.001
20160701,0.001
20160705,0.001
20160706,0.001
20160707,0.001
20160708,0.001
20160711,0.001
20160712,0.001
20160713,0.001
20160714,0.001
20160715,0.001
20160718,0.001
20160719,0.001
20160720,0.001
20160721,0.001
20160722,0.001
20160725,0.001
20160726,0.001
20160727,0.001
20160728,0.001
20160729,0.001
20160801,0.001
20160802,0.001
20160803,0.001
20160804,0.001
20160805,0.001
20160808,0.001
20160809,0.001
20160810,0.001
20160811,0.001
20160812,0.001
20160815,0.001
20160816,0.001
20160817,0.001
20160818,0.001
20160819,0.001
20160822,0.001
20160823,0.001
20160824,0.001
20160825,0.001
20160826,0.001
20160829,0.001
20160830,0.001
20160831,0.001
20160901,0.001
20160902,0.001
20160906,0.001
20160907,0.001
20160908,0.001
20160909,0.001
20160912,0.001
20160913,0.001
20160914,0.001
20160915,0.001
20160916,0.001
20160919,0.001
20160920,0.001
20160921,0.001
20160922,0.001
20160923,0.001
20160926,0.001
20160927,0.001
20160928,0.001
20160929,0.001
20160930,0.001
20161003,0.001
20161004,0.001
20161005,0.001
20161006,0.001
20161007,0.001
20161010,0.001
20161011,0.001
20161012,0.001
20161013,0.001
20161014,0.001
20161017,0.001
20161018,0.001
20161019,0.001
20161020,0.001
20161021,0.001
20161024,0.001
20161025,0.001
20161026,0.001
20161027,0.001
20161028,0.001
20161031,0.001
20161101,0.001
20161102,0.001
20161103,0.001
20161104,0.001
20161107,0.001
20161108,0.001
20161109,0.001
20161110,0.001
20161111,0.001
20161114,0.001
20161115,0.001
20161116,0.001
20161117,0.001
20161118,0.001
20161121,0.001
20161122,0.001
20161123,0.001
20161125,0.001
20161128,0.001
20161129,0.001
20161130,0.001
20161201,0.001
20161202,0.001
20161205,0.001
20161206,0.001
20161207,0.001
20161208,0.001
20161209,0.001
20161212,0.001
20161213,0.001
20161214,0.001
20161215,0.001
20161216,0.001
20161219,0.001
20161220,0.001
20161221,0.001
20161222,0.001
20161223,0.001
20161227,0.001
20161228,0.001
20161229,0.001
20161230,0.001
20170103,0.002
20170104,0.002
20170105,0.002
20170106,0.002
20170109,0.002
20170110,0.002
20170111,0.002
20170112,0.002
20170113,0.002
20170117,0.002
20170118,0.002
20170119,0.002
20170120,0.002
20170123,0.002
20170124,0.002
20170125,0.002
20170126,0.002
20170127,0.002
20170130,0.002
20170131,0.002
20170201,0.002
20170202,0.002
20170203,0.002
20170206,0.002
20170207,0.002
20170208,0.002
20170209,0.002
20170210,0.002
20170213,0.002
20170214,0.002
20170215,0.002
20170216,0.002
20170217,0.002
20170221,0.002
20170222,0.002
20170223,0.002
20170224,0.002
20170227,0.002
20170228,0.002
20170301,0.001
20170302,0.001
20170303,0.001
20170306,0.001
20170307,0.001
20170308,0.001
20170309,0.001
20170310,0.001
20170313,0.001
20170314,0.001
20170315,0.001
20170316,0.001
20170317,0.001
20170320,0.001
20170321,0.001
20170322,0.001
20170323,0.001
20170324,0.001
20170327,0.001
20170328,0.001
20170329,0.001
20170330,0.001
20170331,0.001
20170403,0.003
20170404,0.003
20170405,0.003
20170406,0.003
20170407,0.003
20170410,0.003
20170411,0.003
20170412,0.003
20170413,0.003
20170417,0.003
20170418,0.003
20170419,0.003
20170420,0.003
20170421,0.003
20170424,0.003
20170425,0.003
20170426,0.003
20170427,0.003
20170428,0.003
20170501,0.003
20170502,0.003
20170503,0.003
20170504,0.003
20170505,0.003
20170508,0.003
20170509,0.003
20170510,0.003
20170511,0.003
20170512,0.003
20170515,0.003
20170516,0.003
20170517,0.003
20170518,0.003
20170519,0.003
20170522,0.003
20170523,0.003
20170524,0.003
20170525,0.003
20170526,0.003
20170530,0.003
20170531,0.003
20170601,0.003
20170602,0.003
20170605,0.003
20170606,0.003
20170607,0.003
20170608,0.003
20170609,0.003
20170612,0.003
20170613,0.003
20170614,0.003
20170615,0.003
20170616,0.003
20170619,0.003
20170620,0.003
20170621,0.003
20170622,0.003
20170623,0.003
20170626,0.003
20170627,0.003
20170628,0.003
20170629,0.003
20170630,0.003
20170703,0.004
20170705,0.004
20170706,0.004
20170707,0.004
20170710,0.004
20170711,0.004
20170712,0.004
20170713,0.004
20170714,0.004
20170717,0.004
20170718,0.004
20170719,0.004
20170720,0.004
20170721,0.004
20170724,0.004
20170725,0.004
20170726,0.004
20170727,0.004
20170728,0.004
20170731,0.004
20170801,0.004
20170802,0.004
20170803,0.004
20170804,0.004
20170807,0.004
20170808,0.004
20170809,0.004
20170810,0.004
20170811,0.004
20170814,0.004
20170815,0.004
20170816,0.004
20170817,0.004
20170818,0.004
20170821,0.004
20170822,0.004
20170823,0.004
20170824,0.004
20170825,0.004
20170828,0.004
20170829,0.004
20170830,0.004
20170831,0.004
20170901,0.005
20170905,0.005
20170906,0.005
20170907,0.005
20170908,0.005
20170911,0.005
20170912,0.005
20170913,0.005
20170914,0.005
20170915,0.005
20170918,0.005
20170919,0.005
20170920,0.005
20170921,0.005
20170922,0.005
20170925,0.005
20170926,0.005
20170927,0.005
20170928,0.005
20170929,0.005
20171002,0.004
20171003,0.004
20171004,0.004
20171005,0.004
20171006,0.004
20171009,0.004
20171010,0.004
20171011,0.004
20171012,0.004
20171013,0.004
20171016,0.004
20171017,0.004
20171018,0.004
20171019,0.004
20171020,0.004
20171023,0.004
20171024,0.004
20171025,0.004
20171026,0.004
20171027,0.004
20171030,0.004
20171031,0.004
20171101,0.004
20171102,0.004
20171103,0.004
20171106,0.004
20171107,0.004
20171108,0.004
20171109,0.004
20171110,0.004
20171113,0.004
20171114,0.004
20171115,0.004
20171116,0.004
20171117,0.004
20171120,0.004
20171121,0.004
20171122,0.004
20171124,0.004
20171127,0.004
20171128,0.004
20171129,0.004
20171130,0.004
20171201,0.004
20171204,0.004
20171205,0.004
20171206,0.004
20171207,0.004
20171208,0.004
20171211,0.004
20171212,0.004
20171213,0.004
20171214,0.004
20171215,0.004
20171218,0.004
20171219,0.004
20171220,0.004
20171221,0.004
20171222,0.004
20171226,0.004
20171227,0.004
20171228,0.004
20171229,0.004
20180102,0.005
20180103,0.005
20180104,0.005
20180105,0.005
20180108,0.005
20180109,0.005
20180110,0.005
20180111,0.005
20180112,0.005
20180116,0.005
20180117,0.005
20180118,0.005
20180119,0.005
20180122,0.005
20180123,0.005
20180124,0.005
20180125,0.005
20180126,0.005
20180129,0.005
20180130,0.005
20180131,0.005
20180201,0.006
20180202,0.006
20180205,0.006
20180206,0.006
20180207,0.006
20180208,0.006
20180209,0.006
20180212,0.006
20180213,0.006
20180214,0.006
20180215,0.006
20180216,0.006
20180220,0.006
20180221,0.006
20180222,0.006
20180223,0.006
20180226,0.006
20180227,0.006
20180228,0.006
20180301,0.006
20180302,0.006
20180305,0.006
20180306,0.006
20180307,0.006
20180308,0.006
20180309,0.006
20180312,0.006
20180313,0.006
20180314,0.006
20180315,0.006
20180316,0.006
20180319,0.006
20180320,0.006
20180321,0.006
20180322,0.006
20180323,0.006
20180326,0.006
20180327,0.006
20180328,0.006
20180329,0.006
20180402,0.007
20180403,0.007
20180404,0.007
20180405,0.007
20180406,0.007
20180409,0.007
20180410,0.007
20180411,0.007
20180412,0.007
20180413,0.007
20180416,0.007
20180417,0.007
20180418,0.007
20180419,0.007
20180420,0.007
20180423,0.007
20180424,0.007
20180425,0.007
20180426,0.007
20180427,0.007
20180430,0.007
20180501,0.006
20180502,0.006
20180503,0.006
20180504,0.006
20180507,0.006
20180508,0.006
20180509,0.006
20180510,0.006
20180511,0.006
20180514,0.006
20180515,0.006
20180516,0.006
20180517,0.006
20180518,0.006
20180521,0.006
20180522,0.006
20180523,0.006
20180524,0.006
20180525,0.006
20180529,0.006
20180530,0.006
20180531,0.006
20180601,0.006
20180604,0.006
20180605,0.006
20180606,0.006
20180607,0.006
20180608,0.006
20180611,0.006
20180612,0.006
20180613,0.006
20180614,0.006
20180615,0.006
20180618,0.006
20180619,0.006
20180620,0.006
20180621,0.006
20180622,0.006
20180625,0.006
20180626,0.006
20180627,0.006
20180628,0.006
20180629,0.006
20180702,0.008
20180703,0.008
20180705,0.008
20180706,0.008
20180709,0.008
20180710,0.008
20180711,0.008
20180712,0.008
20180713,0.008
20180716,0.008
20180717,0.008
20180718,0.008
20180719,0.008
20180720,0.008
20180723,0.008
20180724,0.008
20180725,0.008
20180726,0.008
20180727,0.008
20180730,0.008
20180731,0.008
20180801,0.007
20180802,0.007
20180803,0.007
20180806,0.007
20180807,0.007
20180808,0.007
20180809,0.007
20180810,0.007
20180813,0.007
20180814,0.007
20180815,0.007
20180816,0.007
20180817,0.007
20180820,0.007
20180821,0.007
20180822,0.007
20180823,0.007
20180824,0.007
20180827,0.007
20180828,0.007
20180829,0.007
20180830,0.007
20180831,0.007
20180904,0.008
20180905,0.008
20180906,0.008
20180907,0.008
20180910,0.008
20180911,0.008
20180912,0.008
20180913,0.008
20180914,0.008
20180917,0.008
20180918,0.008
20180919,0.008
20180920,0.008
20180921,0.008
20180924,0.008
20180925,0.008
20180926,0.008
20180927,0.008
20180928,0.008
20181001,0.008
20181002,0.008
20181003,0.008
20181004,0.008
20181005,0.008
20181008,0.008
20181009,0.008
20181010,0.008
20181011,0.008
20181012,0.008
20181015,0.008
20181016,0.008
20181017,0.008
20181018,0.008
20181019,0.008
20181022,0.008
20181023,0.008
20181024,0.008
20181025,0.008
20181026,0.008
20181029,0.008
20181030,0.008
20181031,0.008
20181101,0.008
20181102,0.008
20181105,0.008
20181106,0.008
20181107,0.008
20181108,0.008
20181109,0.008
20181112,0.008
20181113,0.008
20181114,0.008
20181115,0.008
20181116,0.008
20181119,0.008
20181120,0.008
20181121,0.008
20181123,0.008
20181126,0.008
20181127,0.008
20181128,0.008
20181129,0.008
20181130,0.008
20181203,0.01
20181204,0.01
20181206,0.01
20181207,0.01
20181210,0.01
20181211,0.01
20181212,0.01
20181213,0.01
20181214,0.01
20181217,0.01
20181218,0.01
20181219,0.01
20181220,0.01
20181221,0.01
20181224,0.01
20181226,0.01
20181227,0.01
20181228,0.01
20181231,0.01
20190102,0.01
20190103,0.01
20190104,0.01
20190107,0.01
20190108,0.01
20190109,0.01
20190110,0.01
20190111,0.01
20190114,0.01
20190115,0.01
20190116,0.01
20190117,0.01
20190118,0.01
20190122,0.01
20190123,0.01
20190124,0.01
20190125,0.01
20190128,0.01
20190129,0.01
20190130,0.01
20190131,0.01
20190201,0.01
20190204,0.01
20190205,0.01
20190206,0.01
20190207,0.01
20190208,0.01
20190211,0.01
20190212,0.01
20190213,0.01
20190214,0.01
20190215,0.01
20190219,0.01
20190220,0.01
20190221,0.01
20190222,0.01
20190225,0.01
20190226,0.01
20190227,0.01
20190228,0.01
20190301,0.009
20190304,0.009
20190305,0.009
20190306,0.009
20190307,0.009
20190308,0.009
20190311,0.009
20190312,0.009
20190313,0.009
20190314,0.009
20190315,0.009
20190318,0.009
20190319,0.009
20190320,0.009
20190321,0.009
20190322,0.009
20190325,0.009
20190326,0.009
20190327,0.009
20190328,0.009
20190329,0.009
20190401,0.01
20190402,0.01
20190403,0.01
20190404,0.01
20190405,0.01
20190408,0.01
20190409,0.01
20190410,0.01
20190411,0.01
20190412,0.01
20190415,0.01
20190416,0.01
20190417,0.01
20190418,0.01
20190422,0.01
20190423,0.01
20190424,0.01
20190425,0.01
20190426,0.01
20190429,0.01
20190430,0.01
20190501,0.009
20190502,0.009
20190503,0.009
20190506,0.009
20190507,0.009
20190508,0.009
20190509,0.009
20190510,0.009
20190513,0.009
20190514,0.009
20190515,0.009
20190516,0.009
20190517,0.009
20190520,0.009
20190521,0.009
20190522,0.009
20190523,0.009
20190524,0.009
20190528,0.009
20190529,0.009
20190530,0.009
20190531,0.009
20190603,0.009
20190604,0.009
20190605,0.009
20190606,0.009
20190607,0.009
20190610,0.009
20190611,0.009
20190612,0.009
20190613,0.009
20190614,0.009
20190617,0.009
20190618,0.009
20190619,0.009
20190620,0.009
20190621,0.009
20190624,0.009
20190625,0.009
20190626,0.009
20190627,0.009
20190628,0.009
20190701,0.009
20190702,0.009
20190703,0.009
20190705,0.009
20190708,0.009
20190709,0.009
20190710,0.009
20190711,0.009
20190712,0.009
20190715,0.009
20190716,0.009
20190717,0.009
20190718,0.009
20190719,0.009
20190722,0.009
20190723,0.009
20190724,0.009
20190725,0.009
20190726,0.009
20190729,0.009
20190730,0.009
20190731,0.009
20190801,0.007
20190802,0.007
20190805,0.007
20190806,0.007
20190807,0.007
20190808,0.007
20190809,0.007
20190812,0.007
20190813,0.007
20190814,0.007
20190815,0.007
20190816,0.007
20190819,0.007
20190820,0.007
20190821,0.007
20190822,0.007
20190823,0.007
20190826,0.007
20190827,0.007
20190828,0.007
20190829,0.007
20190830,0.007
20190903,0.009
20190904,0.009
20190905,0.009
20190906,0.009
20190909,0.009
20190910,0.009
20190911,0.009
20190912,0.009
20190913,0.009
20190916,0.009
20190917,0.009
20190918,0.009
20190919,0.009
20190920,0.009
20190923,0.009
20190924,0.009
20190925,0.009
20190926,0.009
20190927,0.009
20190930,0.009
20191001,0.007
20191002,0.007
20191003,0.007
20191004,0.007
20191007,0.007
20191008,0.007
20191009,0.007
20191010,0.007
20191011,0.007
20191014,0.007
20191015,0.007
20191016,0.007
20191017,0.007
20191018,0.007
20191021,0.007
20191022,0.007
20191023,0.007
20191024,0.007
20191025,0.007
20191028,0.007
20191029,0.007
20191030,0.007
20191031,0.007
20191101,0.006
20191104,0.006
20191105,0.006
20191106,0.006
20191107,0.006
20191108,0.006
20191111,0.006
20191112,0.006
20191113,0.006
20191114,0.006
20191115,0.006
20191118,0.006
20191119,0.006
20191120,0.006
20191121,0.006
20191122,0.006
20191125,0.006
20191126,0.006
20191127,0.006
20191129,0.006
20191202,0.007
20191203,0.007
20191204,0.007
20191205,0.007
20191206,0.007
20191209,0.007
20191210,0.007
20191211,0.007
20191212,0.007
20191213,0.007
20191216,0.007
20191217,0.007
20191218,0.007
20191219,0.007
20191220,0.007
20191223,0.007
20191224,0.007
20191226,0.007
20191227,0.007
20191230,0.007
20191231,0.007
20200102,0.006
20200103,0.006
20200106,0.006
20200107,0.006
20200108,0.006
20200109,0.006
20200110,0.006
20200113,0.006
20200114,0.006
20200115,0.006
20200116,0.006
20200117,0.006
20200121,0.006
20200122,0.006
20200123,0.006
20200124,0.006
20200127,0.006
20200128,0.006
20200129,0.006
20200130,0.006
20200131,0.006
20200203,0.006
20200204,0.006
20200205,0.006
20200206,0.006
20200207,0.006
20200210,0.006
20200211,0.006
20200212,0.006
20200213,0.006
20200214,0.006
20200218,0.006
20200219,0.006
20200220,0.006
20200221,0.006
20200224,0.006
20200225,0.006
20200226,0.006
20200227,0.006
20200228,0.006
20200302,0.006
20200303,0.006
20200304,0.006
20200305,0.006
20200306,0.006
20200309,0.006
20200310,0.006
20200311,0.006
20200312,0.006
20200313,0.006
20200316,0.006
20200317,0.006
20200318,0.006
20200319,0.006
20200320,0.006
20200323,0.006
20200324,0.006
20200325,0.006
20200326,0.006
20200327,0.006
20200330,0.006
20200331,0.006
20200401,0
20200402,0
20200403,0
20200406,0
20200407,0
20200408,0
20200409,0
20200413,0
20200414,0
20200415,0
20200416,0
20200417,0
20200420,0
20200421,0
20200422,0
20200423,0
20200424,0
20200427,0
20200428,0
20200429,0
20200430,0
20200501,0
20200504,0
20200505,0
20200506,0
20200507,0
20200508,0
20200511,0
20200512,0
20200513,0
20200514,0
20200515,0
20200518,0
20200519,0
20200520,0
20200521,0
20200522,0
20200526,0
20200527,0
20200528,0
20200529,0
20200601,0
20200602,0
20200603,0
20200604,0
20200605,0
20200608,0
20200609,0
20200610,0
20200611,0
20200612,0
20200615,0
20200616,0
20200617,0
20200618,0
20200619,0
20200622,0
20200623,0
20200624,0
20200625,0
20200626,0
20200629,0
20200630,0
20200701,0
20200702,0
20200706,0
20200707,0
20200708,0
20200709,0
20200710,0
20200713,0
20200714,0
20200715,0
20200716,0
20200717,0
20200720,0
20200721,0
20200722,0
20200723,0
20200724,0
20200727,0
20200728,0
20200729,0
20200730,0
20200731,0
20200803,0
20200804,0
20200805,0
20200806,0
20200807,0
20200810,0
20200811,0
20200812,0
20200813,0
20200814,0
20200817,0
20200818,0
20200819,0
20200820,0
20200821,0
20200824,0
20200825,0
20200826,0
20200827,0
20200828,0
20200831,0
